timestamp,steps
2025-02-01T00:03:00Z,19
2025-02-01T00:04:00Z,107
2025-02-01T00:05:00Z,68
2025-02-01T00:27:00Z,42
2025-02-01T00:28:00Z,107
2025-02-01T00:29:00Z,108
2025-02-01T00:30:00Z,35
2025-02-01T00:31:00Z,12
2025-02-01T00:39:00Z,8
2025-02-01T00:40:00Z,101
2025-02-01T00:42:00Z,47
2025-02-01T00:43:00Z,4
2025-02-01T00:44:00Z,7
2025-02-01T00:45:00Z,104
2025-02-01T00:46:00Z,28
2025-02-01T00:47:00Z,39
2025-02-01T00:48:00Z,105
2025-02-01T00:49:00Z,101
2025-02-01T00:51:00Z,103
2025-02-01T00:52:00Z,103
2025-02-01T00:53:00Z,23
2025-02-01T00:55:00Z,16
2025-02-01T00:56:00Z,7
2025-02-01T00:58:00Z,9
2025-02-01T00:59:00Z,28
2025-02-01T01:00:00Z,8
2025-02-01T01:02:00Z,34
2025-02-01T01:03:00Z,25
2025-02-01T01:04:00Z,103
2025-02-01T01:05:00Z,43
2025-02-01T01:06:00Z,71
2025-02-01T01:07:00Z,1
2025-02-01T01:14:00Z,19
2025-02-01T01:16:00Z,16
2025-02-01T01:17:00Z,24
2025-02-01T01:22:00Z,6
2025-02-01T02:12:00Z,8
2025-02-01T02:29:00Z,44
2025-02-01T02:30:00Z,29
2025-02-01T02:32:00Z,80
2025-02-01T02:33:00Z,77
2025-02-01T02:34:00Z,42
2025-02-01T02:35:00Z,20
2025-02-01T02:36:00Z,2
2025-02-01T02:43:00Z,24
2025-02-01T02:44:00Z,27
2025-02-01T02:51:00Z,7
2025-02-01T03:01:00Z,6
2025-02-01T03:07:00Z,10
2025-02-01T03:13:00Z,47
2025-02-01T03:14:00Z,25
2025-02-01T03:15:00Z,32
2025-02-01T03:16:00Z,22
2025-02-01T03:17:00Z,38
2025-02-01T03:18:00Z,6
2025-02-01T03:19:00Z,90
2025-02-01T03:20:00Z,101
2025-02-01T03:21:00Z,66
2025-02-01T03:22:00Z,20
2025-02-01T03:23:00Z,14
2025-02-01T03:25:00Z,10
2025-02-01T03:26:00Z,37
2025-02-01T03:27:00Z,49
2025-02-01T03:28:00Z,19
2025-02-01T03:29:00Z,15
2025-02-01T03:30:00Z,37
2025-02-01T03:31:00Z,39
2025-02-01T03:32:00Z,1
2025-02-01T03:33:00Z,28
2025-02-01T03:34:00Z,29
2025-02-01T03:35:00Z,31
2025-02-01T03:39:00Z,29
2025-02-01T03:40:00Z,104
2025-02-01T03:41:00Z,37
2025-02-01T03:42:00Z,40
2025-02-01T03:43:00Z,34
2025-02-01T03:44:00Z,42
2025-02-01T03:45:00Z,16
2025-02-01T03:46:00Z,7
2025-02-01T03:47:00Z,24
2025-02-01T03:48:00Z,35
2025-02-01T03:50:00Z,9
2025-02-01T03:51:00Z,28
2025-02-01T03:52:00Z,9
2025-02-01T03:53:00Z,33
2025-02-01T03:54:00Z,47
2025-02-01T03:55:00Z,20
2025-02-01T03:57:00Z,18
2025-02-01T03:58:00Z,22
2025-02-01T03:59:00Z,23
2025-02-01T04:00:00Z,18
2025-02-01T04:01:00Z,37
2025-02-01T04:02:00Z,25
2025-02-01T04:04:00Z,7
2025-02-01T04:05:00Z,63
2025-02-01T04:06:00Z,87
2025-02-01T04:07:00Z,27
2025-02-01T04:08:00Z,41
2025-02-01T04:09:00Z,35
2025-02-01T04:15:00Z,22
2025-02-01T04:16:00Z,47
2025-02-01T04:17:00Z,67
2025-02-01T04:18:00Z,19
2025-02-01T04:19:00Z,58
2025-02-01T04:20:00Z,38
2025-02-01T04:22:00Z,33
2025-02-01T04:23:00Z,17
2025-02-01T04:24:00Z,8
2025-02-01T04:26:00Z,40
2025-02-01T04:27:00Z,12
2025-02-01T04:30:00Z,81
2025-02-01T04:31:00Z,13
2025-02-01T04:32:00Z,12
2025-02-01T04:37:00Z,38
2025-02-01T04:46:00Z,6
2025-02-01T04:47:00Z,83
2025-02-01T04:48:00Z,75
2025-02-01T04:49:00Z,74
2025-02-01T04:50:00Z,51
2025-02-01T04:51:00Z,19
2025-02-01T04:52:00Z,36
2025-02-01T04:53:00Z,14
2025-02-01T04:54:00Z,18
2025-02-01T04:55:00Z,30
2025-02-01T04:56:00Z,55
2025-02-01T04:57:00Z,46
2025-02-01T04:58:00Z,25
2025-02-01T04:59:00Z,16
2025-02-01T05:00:00Z,24
2025-02-01T05:01:00Z,5
2025-02-01T05:02:00Z,26
2025-02-01T05:03:00Z,57
2025-02-01T05:04:00Z,13
2025-02-01T05:07:00Z,15
2025-02-01T05:08:00Z,12
2025-02-01T05:09:00Z,14
2025-02-01T05:10:00Z,19
2025-02-01T05:11:00Z,7
2025-02-01T05:12:00Z,11
2025-02-01T05:13:00Z,8
2025-02-01T05:14:00Z,15
2025-02-01T05:16:00Z,32
2025-02-01T05:19:00Z,44
2025-02-01T05:20:00Z,54
2025-02-01T05:21:00Z,13
2025-02-01T05:22:00Z,17
2025-02-01T05:23:00Z,19
2025-02-01T05:26:00Z,12
2025-02-01T05:27:00Z,31
2025-02-01T05:28:00Z,36
2025-02-01T05:29:00Z,9
2025-02-01T05:32:00Z,37
2025-02-01T05:33:00Z,29
2025-02-01T05:37:00Z,5
2025-02-01T05:38:00Z,26
2025-02-01T05:43:00Z,16
2025-02-01T05:44:00Z,31
2025-02-01T05:45:00Z,14
2025-02-01T05:46:00Z,35
2025-02-01T05:47:00Z,14
2025-02-01T05:48:00Z,23
2025-02-01T05:50:00Z,23
2025-02-01T05:55:00Z,10
2025-02-01T05:56:00Z,25
2025-02-01T05:57:00Z,53
2025-02-01T05:58:00Z,54
2025-02-01T05:59:00Z,55
2025-02-01T06:00:00Z,16
2025-02-01T06:01:00Z,19
2025-02-01T06:05:00Z,13
2025-02-01T06:06:00Z,78
2025-02-01T06:07:00Z,63
2025-02-01T06:08:00Z,55
2025-02-01T06:09:00Z,24
2025-02-01T06:12:00Z,8
2025-02-01T06:13:00Z,89
2025-02-01T06:14:00Z,113
2025-02-01T06:15:00Z,94
2025-02-01T06:16:00Z,3
2025-02-01T06:17:00Z,31
2025-02-01T06:18:00Z,59
2025-02-01T06:19:00Z,15
2025-02-01T06:21:00Z,5
2025-02-01T06:22:00Z,12
2025-02-01T06:24:00Z,67
2025-02-01T06:25:00Z,56
2025-02-01T06:26:00Z,30
2025-02-01T06:27:00Z,23
2025-02-01T06:28:00Z,26
2025-02-01T06:29:00Z,92
2025-02-01T06:30:00Z,38
2025-02-01T06:31:00Z,25
2025-02-01T06:32:00Z,45
2025-02-01T06:33:00Z,53
2025-02-01T06:34:00Z,18
2025-02-01T06:35:00Z,38
2025-02-01T06:36:00Z,6
2025-02-01T06:37:00Z,21
2025-02-01T06:38:00Z,91
2025-02-01T06:39:00Z,91
2025-02-01T06:40:00Z,90
2025-02-01T06:41:00Z,28
2025-02-01T06:42:00Z,20
2025-02-01T06:43:00Z,7
2025-02-01T06:44:00Z,84
2025-02-01T06:45:00Z,103
2025-02-01T06:46:00Z,68
2025-02-01T06:47:00Z,82
2025-02-01T06:48:00Z,78
2025-02-01T06:49:00Z,94
2025-02-01T06:50:00Z,105
2025-02-01T06:51:00Z,97
2025-02-01T06:52:00Z,70
2025-02-01T06:53:00Z,72
2025-02-01T06:54:00Z,80
2025-02-01T06:55:00Z,73
2025-02-01T06:56:00Z,72
2025-02-01T06:57:00Z,112
2025-02-01T06:58:00Z,92
2025-02-01T06:59:00Z,45
2025-02-01T07:00:00Z,63
2025-02-01T07:01:00Z,56
2025-02-01T07:02:00Z,45
2025-02-01T07:03:00Z,35
2025-02-01T07:04:00Z,68
2025-02-01T07:05:00Z,30
2025-02-01T07:06:00Z,10
2025-02-01T07:10:00Z,27
2025-02-01T07:11:00Z,67
2025-02-01T07:12:00Z,71
2025-02-01T07:13:00Z,70
2025-02-01T07:14:00Z,68
2025-02-01T07:15:00Z,108
2025-02-01T07:16:00Z,103
2025-02-01T07:17:00Z,62
2025-02-01T07:18:00Z,46
2025-02-01T07:19:00Z,73
2025-02-01T07:20:00Z,105
2025-02-01T07:21:00Z,80
2025-02-01T07:22:00Z,75
2025-02-01T07:23:00Z,43
2025-02-01T07:24:00Z,9
2025-02-01T07:25:00Z,18
2025-02-01T07:26:00Z,97
2025-02-01T07:27:00Z,100
2025-02-01T07:28:00Z,31
2025-02-01T07:29:00Z,76
2025-02-01T07:30:00Z,53
2025-02-01T07:31:00Z,24
2025-02-01T07:32:00Z,5
2025-02-01T07:33:00Z,40
2025-02-01T07:34:00Z,54
2025-02-01T07:35:00Z,35
2025-02-01T07:36:00Z,72
2025-02-01T07:37:00Z,51
2025-02-01T07:38:00Z,50
2025-02-01T07:39:00Z,47
2025-02-01T07:40:00Z,59
2025-02-01T07:41:00Z,15
2025-02-01T07:42:00Z,57
2025-02-01T07:43:00Z,13
2025-02-01T07:44:00Z,58
2025-02-01T07:45:00Z,9
2025-02-01T07:51:00Z,10
2025-02-01T07:52:00Z,23
2025-02-01T07:53:00Z,50
2025-02-01T07:54:00Z,71
2025-02-01T07:55:00Z,76
2025-02-01T07:56:00Z,16
2025-02-01T07:59:00Z,20
2025-02-01T08:01:00Z,55
2025-02-01T08:02:00Z,75
2025-02-01T08:03:00Z,93
2025-02-01T08:04:00Z,94
2025-02-01T08:05:00Z,83
2025-02-01T08:06:00Z,96
2025-02-01T08:07:00Z,97
2025-02-01T08:08:00Z,65
2025-02-01T08:09:00Z,91
2025-02-01T08:10:00Z,94
2025-02-01T08:11:00Z,91
2025-02-01T08:12:00Z,73
2025-02-01T08:13:00Z,62
2025-02-01T08:14:00Z,22
2025-02-01T08:15:00Z,22
2025-02-01T08:16:00Z,12
2025-02-01T08:17:00Z,15
2025-02-01T08:18:00Z,31
2025-02-01T08:19:00Z,21
2025-02-01T08:20:00Z,28
2025-02-01T08:21:00Z,10
2025-02-01T08:22:00Z,32
2025-02-01T08:23:00Z,95
2025-02-01T08:24:00Z,77
2025-02-01T08:25:00Z,37
2025-02-01T08:26:00Z,22
2025-02-01T08:27:00Z,46
2025-02-01T08:28:00Z,8
2025-02-01T08:29:00Z,12
2025-02-01T08:30:00Z,20
2025-02-01T08:31:00Z,49
2025-02-01T08:32:00Z,20
2025-02-01T08:33:00Z,18
2025-02-01T08:34:00Z,16
2025-02-01T08:35:00Z,13
2025-02-01T08:36:00Z,37
2025-02-01T08:37:00Z,17
2025-02-01T08:38:00Z,16
2025-02-01T08:39:00Z,25
2025-02-01T08:40:00Z,18
2025-02-01T08:41:00Z,2
2025-02-01T08:48:00Z,10
2025-02-01T08:49:00Z,9
2025-02-01T09:00:00Z,21
2025-02-01T09:01:00Z,20
2025-02-01T09:02:00Z,34
2025-02-01T09:03:00Z,29
2025-02-01T09:04:00Z,17
2025-02-01T09:05:00Z,34
2025-02-01T09:06:00Z,85
2025-02-01T09:07:00Z,71
2025-02-01T09:08:00Z,46
2025-02-01T09:09:00Z,32
2025-02-01T09:10:00Z,52
2025-02-01T09:11:00Z,21
2025-02-01T09:12:00Z,56
2025-02-01T09:13:00Z,62
2025-02-01T09:14:00Z,47
2025-02-01T09:15:00Z,51
2025-02-01T09:16:00Z,83
2025-02-01T09:17:00Z,33
2025-02-01T09:20:00Z,34
2025-02-01T09:25:00Z,8
2025-02-01T09:26:00Z,15
2025-02-01T09:29:00Z,7
2025-02-01T09:31:00Z,14
2025-02-01T09:32:00Z,33
2025-02-01T09:33:00Z,43
2025-02-01T09:34:00Z,48
2025-02-01T09:35:00Z,27
2025-02-01T09:36:00Z,44
2025-02-01T09:37:00Z,26
2025-02-01T09:38:00Z,31
2025-02-01T09:39:00Z,30
2025-02-01T09:40:00Z,30
2025-02-01T09:41:00Z,12
2025-02-01T09:42:00Z,17
2025-02-01T09:43:00Z,40
2025-02-01T09:44:00Z,31
2025-02-01T09:46:00Z,30
2025-02-01T09:47:00Z,82
2025-02-01T09:48:00Z,42
2025-02-01T09:49:00Z,29
2025-02-01T09:50:00Z,4
2025-02-01T09:51:00Z,28
2025-02-01T09:52:00Z,36
2025-02-01T09:53:00Z,13
2025-02-01T09:54:00Z,29
2025-02-01T09:55:00Z,9
2025-02-01T09:59:00Z,8
2025-02-01T10:08:00Z,9
2025-02-01T10:10:00Z,14
2025-02-01T10:12:00Z,24
2025-02-01T10:13:00Z,27
2025-02-01T10:14:00Z,89
2025-02-01T10:15:00Z,52
2025-02-01T10:16:00Z,60
2025-02-01T10:18:00Z,12
2025-02-01T10:19:00Z,30
2025-02-01T10:21:00Z,27
2025-02-01T10:22:00Z,8
2025-02-01T10:25:00Z,15
2025-02-01T10:31:00Z,9
2025-02-01T10:32:00Z,15
2025-02-01T10:36:00Z,16
2025-02-01T10:37:00Z,13
2025-02-01T10:38:00Z,13
2025-02-01T10:41:00Z,43
2025-02-01T10:53:00Z,41
2025-02-01T10:54:00Z,34
2025-02-01T11:10:00Z,6
2025-02-01T11:26:00Z,54
2025-02-01T11:27:00Z,84
2025-02-01T11:28:00Z,33
2025-02-01T11:29:00Z,6
2025-02-01T11:32:00Z,9
2025-02-01T11:39:00Z,29
2025-02-01T11:40:00Z,5
2025-02-01T11:41:00Z,13
2025-02-01T11:42:00Z,10
2025-02-01T11:43:00Z,42
2025-02-01T13:08:00Z,22
2025-02-01T13:09:00Z,17
2025-02-01T13:16:00Z,8
2025-02-01T13:28:00Z,18
2025-02-01T13:29:00Z,16
2025-02-01T13:48:00Z,4
2025-02-01T13:49:00Z,27
2025-02-01T14:08:00Z,9
2025-02-01T14:15:00Z,20
2025-02-01T14:16:00Z,1
2025-02-01T14:35:00Z,17
2025-02-01T14:47:00Z,16
2025-02-01T14:48:00Z,19
2025-02-01T14:50:00Z,19
2025-02-01T15:00:00Z,15
2025-02-01T15:01:00Z,19
2025-02-01T15:02:00Z,11
2025-02-01T15:17:00Z,7
2025-02-01T15:34:00Z,15
2025-02-01T15:37:00Z,18
2025-02-01T16:10:00Z,24
2025-02-01T17:38:00Z,4
2025-02-01T21:54:00Z,4
2025-02-01T21:55:00Z,11
2025-02-01T21:56:00Z,9
2025-02-01T21:57:00Z,18
2025-02-01T21:58:00Z,18
2025-02-01T22:00:00Z,6
2025-02-01T22:01:00Z,22
2025-02-01T22:02:00Z,77
2025-02-01T22:03:00Z,10
2025-02-01T22:04:00Z,15
2025-02-01T22:05:00Z,23
2025-02-01T22:07:00Z,26
2025-02-01T22:14:00Z,15
2025-02-01T22:15:00Z,2
2025-02-01T22:18:00Z,15
2025-02-01T22:33:00Z,47
2025-02-01T22:34:00Z,85
2025-02-01T22:35:00Z,12
2025-02-01T22:36:00Z,9
2025-02-01T22:56:00Z,7
2025-02-01T23:03:00Z,31
2025-02-01T23:04:00Z,19
2025-02-01T23:05:00Z,15
2025-02-01T23:06:00Z,41
2025-02-01T23:07:00Z,42
2025-02-01T23:08:00Z,18
2025-02-01T23:09:00Z,9
2025-02-01T23:18:00Z,12
2025-02-01T23:20:00Z,9
2025-02-01T23:22:00Z,7
2025-02-01T23:35:00Z,22
2025-02-01T23:36:00Z,8
2025-02-01T23:37:00Z,46
2025-02-01T23:38:00Z,45
2025-02-01T23:39:00Z,11
2025-02-01T23:40:00Z,6
2025-02-01T23:41:00Z,14
2025-02-01T23:42:00Z,13
2025-02-01T23:44:00Z,13
2025-02-01T23:51:00Z,13
2025-02-01T23:54:00Z,23
2025-02-01T23:55:00Z,24
2025-02-01T23:56:00Z,7
2025-02-01T23:58:00Z,96
2025-02-01T23:59:00Z,33
2025-02-02T00:01:00Z,24
2025-02-02T00:03:00Z,42
2025-02-02T00:04:00Z,35
2025-02-02T00:05:00Z,61
2025-02-02T00:06:00Z,81
2025-02-02T00:07:00Z,51
2025-02-02T00:08:00Z,36
2025-02-02T00:09:00Z,23
2025-02-02T00:10:00Z,31
2025-02-02T00:11:00Z,28
2025-02-02T00:12:00Z,36
2025-02-02T00:13:00Z,28
2025-02-02T00:14:00Z,39
2025-02-02T00:15:00Z,100
2025-02-02T00:16:00Z,98
2025-02-02T00:17:00Z,98
2025-02-02T00:18:00Z,96
2025-02-02T00:19:00Z,99
2025-02-02T00:20:00Z,99
2025-02-02T00:21:00Z,93
2025-02-02T00:22:00Z,97
2025-02-02T00:23:00Z,67
2025-02-02T00:26:00Z,46
2025-02-02T00:28:00Z,32
2025-02-02T00:29:00Z,19
2025-02-02T00:37:00Z,36
2025-02-02T00:38:00Z,51
2025-02-02T00:39:00Z,4
2025-02-02T00:40:00Z,18
2025-02-02T00:43:00Z,57
2025-02-02T00:46:00Z,29
2025-02-02T00:47:00Z,59
2025-02-02T00:48:00Z,37
2025-02-02T00:49:00Z,71
2025-02-02T00:50:00Z,23
2025-02-02T00:51:00Z,17
2025-02-02T00:52:00Z,43
2025-02-02T00:53:00Z,19
2025-02-02T00:56:00Z,58
2025-02-02T00:57:00Z,103
2025-02-02T00:58:00Z,28
2025-02-02T01:00:00Z,13
2025-02-02T01:01:00Z,16
2025-02-02T01:03:00Z,40
2025-02-02T01:05:00Z,7
2025-02-02T01:06:00Z,45
2025-02-02T01:07:00Z,18
2025-02-02T01:08:00Z,9
2025-02-02T01:09:00Z,48
2025-02-02T01:10:00Z,6
2025-02-02T01:11:00Z,4
2025-02-02T01:12:00Z,9
2025-02-02T01:13:00Z,4
2025-02-02T01:14:00Z,28
2025-02-02T01:15:00Z,5
2025-02-02T01:16:00Z,32
2025-02-02T01:17:00Z,34
2025-02-02T01:18:00Z,37
2025-02-02T01:19:00Z,4
2025-02-02T01:24:00Z,87
2025-02-02T01:25:00Z,10
2025-02-02T01:27:00Z,28
2025-02-02T01:28:00Z,24
2025-02-02T01:29:00Z,54
2025-02-02T01:30:00Z,47
2025-02-02T01:31:00Z,18
2025-02-02T01:32:00Z,87
2025-02-02T01:33:00Z,39
2025-02-02T01:34:00Z,17
2025-02-02T01:35:00Z,7
2025-02-02T01:36:00Z,17
2025-02-02T01:37:00Z,19
2025-02-02T01:38:00Z,25
2025-02-02T01:42:00Z,53
2025-02-02T01:43:00Z,54
2025-02-02T01:44:00Z,27
2025-02-02T01:45:00Z,38
2025-02-02T01:46:00Z,54
2025-02-02T01:47:00Z,45
2025-02-02T01:48:00Z,9
2025-02-02T01:49:00Z,52
2025-02-02T01:53:00Z,15
2025-02-02T02:02:00Z,6
2025-02-02T02:03:00Z,88
2025-02-02T02:04:00Z,75
2025-02-02T02:05:00Z,46
2025-02-02T02:06:00Z,47
2025-02-02T02:07:00Z,12
2025-02-02T02:10:00Z,14
2025-02-02T02:13:00Z,6
2025-02-02T02:22:00Z,11
2025-02-02T02:56:00Z,7
2025-02-02T03:02:00Z,8
2025-02-02T03:03:00Z,17
2025-02-02T03:04:00Z,58
2025-02-02T03:05:00Z,79
2025-02-02T03:06:00Z,34
2025-02-02T03:08:00Z,69
2025-02-02T03:09:00Z,82
2025-02-02T03:15:00Z,7
2025-02-02T03:16:00Z,31
2025-02-02T03:27:00Z,38
2025-02-02T03:28:00Z,84
2025-02-02T03:29:00Z,64
2025-02-02T03:30:00Z,54
2025-02-02T03:31:00Z,53
2025-02-02T03:32:00Z,8
2025-02-02T03:33:00Z,4
2025-02-02T03:35:00Z,16
2025-02-02T03:37:00Z,32
2025-02-02T03:38:00Z,17
2025-02-02T03:39:00Z,7
2025-02-02T03:43:00Z,7
2025-02-02T03:44:00Z,61
2025-02-02T03:45:00Z,60
2025-02-02T03:46:00Z,60
2025-02-02T03:50:00Z,66
2025-02-02T03:51:00Z,116
2025-02-02T03:52:00Z,91
2025-02-02T03:53:00Z,18
2025-02-02T04:00:00Z,81
2025-02-02T04:01:00Z,53
2025-02-02T04:02:00Z,38
2025-02-02T04:03:00Z,23
2025-02-02T04:04:00Z,18
2025-02-02T04:05:00Z,11
2025-02-02T04:06:00Z,7
2025-02-02T04:07:00Z,44
2025-02-02T04:08:00Z,30
2025-02-02T04:09:00Z,26
2025-02-02T04:10:00Z,24
2025-02-02T04:11:00Z,30
2025-02-02T04:12:00Z,94
2025-02-02T04:13:00Z,73
2025-02-02T04:14:00Z,82
2025-02-02T04:15:00Z,42
2025-02-02T04:16:00Z,42
2025-02-02T04:18:00Z,23
2025-02-02T04:19:00Z,62
2025-02-02T04:20:00Z,39
2025-02-02T04:21:00Z,35
2025-02-02T04:23:00Z,41
2025-02-02T04:24:00Z,17
2025-02-02T04:25:00Z,4
2025-02-02T04:26:00Z,10
2025-02-02T04:27:00Z,23
2025-02-02T04:28:00Z,43
2025-02-02T04:29:00Z,14
2025-02-02T04:30:00Z,15
2025-02-02T04:31:00Z,8
2025-02-02T04:32:00Z,44
2025-02-02T04:33:00Z,27
2025-02-02T04:35:00Z,31
2025-02-02T04:36:00Z,21
2025-02-02T04:38:00Z,32
2025-02-02T04:39:00Z,74
2025-02-02T04:46:00Z,17
2025-02-02T04:47:00Z,43
2025-02-02T04:48:00Z,61
2025-02-02T04:49:00Z,50
2025-02-02T04:50:00Z,69
2025-02-02T04:51:00Z,65
2025-02-02T04:52:00Z,79
2025-02-02T04:53:00Z,27
2025-02-02T04:54:00Z,62
2025-02-02T04:55:00Z,71
2025-02-02T04:56:00Z,57
2025-02-02T05:00:00Z,78
2025-02-02T05:01:00Z,114
2025-02-02T05:02:00Z,83
2025-02-02T05:03:00Z,53
2025-02-02T05:04:00Z,63
2025-02-02T05:10:00Z,69
2025-02-02T05:11:00Z,81
2025-02-02T05:12:00Z,35
2025-02-02T05:13:00Z,14
2025-02-02T05:14:00Z,24
2025-02-02T05:15:00Z,38
2025-02-02T05:17:00Z,22
2025-02-02T05:18:00Z,7
2025-02-02T05:20:00Z,10
2025-02-02T05:21:00Z,45
2025-02-02T05:22:00Z,56
2025-02-02T05:23:00Z,54
2025-02-02T05:24:00Z,51
2025-02-02T05:25:00Z,54
2025-02-02T05:26:00Z,29
2025-02-02T05:27:00Z,39
2025-02-02T05:28:00Z,53
2025-02-02T05:29:00Z,82
2025-02-02T05:30:00Z,58
2025-02-02T05:31:00Z,11
2025-02-02T05:32:00Z,42
2025-02-02T05:35:00Z,20
2025-02-02T05:36:00Z,20
2025-02-02T05:37:00Z,27
2025-02-02T05:45:00Z,15
2025-02-02T05:46:00Z,25
2025-02-02T05:47:00Z,42
2025-02-02T05:48:00Z,68
2025-02-02T05:49:00Z,93
2025-02-02T05:50:00Z,100
2025-02-02T05:51:00Z,99
2025-02-02T05:52:00Z,94
2025-02-02T05:53:00Z,98
2025-02-02T05:54:00Z,101
2025-02-02T05:55:00Z,95
2025-02-02T05:56:00Z,92
2025-02-02T05:57:00Z,96
2025-02-02T05:58:00Z,39
2025-02-02T05:59:00Z,42
2025-02-02T06:00:00Z,14
2025-02-02T06:01:00Z,55
2025-02-02T06:02:00Z,96
2025-02-02T06:03:00Z,78
2025-02-02T06:04:00Z,48
2025-02-02T06:06:00Z,10
2025-02-02T06:08:00Z,16
2025-02-02T06:09:00Z,11
2025-02-02T06:10:00Z,44
2025-02-02T06:11:00Z,23
2025-02-02T06:13:00Z,51
2025-02-02T06:14:00Z,20
2025-02-02T06:15:00Z,9
2025-02-02T06:16:00Z,21
2025-02-02T06:25:00Z,8
2025-02-02T06:28:00Z,48
2025-02-02T06:29:00Z,104
2025-02-02T06:30:00Z,94
2025-02-02T06:31:00Z,16
2025-02-02T06:33:00Z,64
2025-02-02T06:34:00Z,104
2025-02-02T06:35:00Z,51
2025-02-02T06:46:00Z,4
2025-02-02T06:55:00Z,16
2025-02-02T06:56:00Z,15
2025-02-02T06:59:00Z,8
2025-02-02T07:04:00Z,54
2025-02-02T07:05:00Z,48
2025-02-02T07:06:00Z,35
2025-02-02T07:07:00Z,34
2025-02-02T07:08:00Z,18
2025-02-02T07:09:00Z,4
2025-02-02T07:10:00Z,48
2025-02-02T07:11:00Z,68
2025-02-02T07:12:00Z,67
2025-02-02T07:13:00Z,52
2025-02-02T07:14:00Z,65
2025-02-02T07:15:00Z,44
2025-02-02T07:16:00Z,7
2025-02-02T07:22:00Z,41
2025-02-02T07:23:00Z,25
2025-02-02T07:24:00Z,26
2025-02-02T07:25:00Z,59
2025-02-02T07:26:00Z,51
2025-02-02T07:27:00Z,30
2025-02-02T07:28:00Z,18
2025-02-02T07:29:00Z,12
2025-02-02T07:30:00Z,17
2025-02-02T07:31:00Z,45
2025-02-02T07:32:00Z,49
2025-02-02T07:33:00Z,84
2025-02-02T07:34:00Z,28
2025-02-02T07:35:00Z,23
2025-02-02T07:36:00Z,12
2025-02-02T07:37:00Z,61
2025-02-02T07:39:00Z,88
2025-02-02T07:40:00Z,43
2025-02-02T07:41:00Z,100
2025-02-02T07:42:00Z,93
2025-02-02T07:43:00Z,80
2025-02-02T07:45:00Z,13
2025-02-02T07:47:00Z,29
2025-02-02T07:48:00Z,8
2025-02-02T07:52:00Z,32
2025-02-02T07:53:00Z,20
2025-02-02T09:00:00Z,7
2025-02-02T09:01:00Z,27
2025-02-02T09:02:00Z,21
2025-02-02T09:03:00Z,89
2025-02-02T09:04:00Z,72
2025-02-02T09:05:00Z,7
2025-02-02T09:06:00Z,11
2025-02-02T09:08:00Z,6
2025-02-02T09:09:00Z,54
2025-02-02T09:10:00Z,9
2025-02-02T09:11:00Z,20
2025-02-02T09:12:00Z,7
2025-02-02T09:16:00Z,6
2025-02-02T09:17:00Z,29
2025-02-02T09:18:00Z,4
2025-02-02T10:05:00Z,61
2025-02-02T10:06:00Z,58
2025-02-02T10:07:00Z,95
2025-02-02T10:08:00Z,103
2025-02-02T10:09:00Z,12
2025-02-02T10:10:00Z,103
2025-02-02T10:11:00Z,103
2025-02-02T10:12:00Z,101
2025-02-02T10:13:00Z,103
2025-02-02T10:14:00Z,39
2025-02-02T10:15:00Z,41
2025-02-02T10:17:00Z,5
2025-02-02T10:43:00Z,70
2025-02-02T10:44:00Z,87
2025-02-02T10:45:00Z,98
2025-02-02T10:46:00Z,99
2025-02-02T10:47:00Z,96
2025-02-02T10:48:00Z,96
2025-02-02T10:49:00Z,98
2025-02-02T10:50:00Z,98
2025-02-02T10:51:00Z,22
2025-02-02T10:52:00Z,98
2025-02-02T10:53:00Z,98
2025-02-02T10:54:00Z,40
2025-02-02T10:55:00Z,25
2025-02-02T10:56:00Z,49
2025-02-02T10:57:00Z,20
2025-02-02T10:58:00Z,28
2025-02-02T10:59:00Z,24
2025-02-02T11:00:00Z,47
2025-02-02T11:01:00Z,45
2025-02-02T11:02:00Z,14
2025-02-02T11:03:00Z,16
2025-02-02T12:11:00Z,13
2025-02-02T12:12:00Z,6
2025-02-02T12:30:00Z,12
2025-02-02T12:45:00Z,13
2025-02-02T13:00:00Z,33
2025-02-02T13:01:00Z,23
2025-02-02T14:57:00Z,7
2025-02-02T19:03:00Z,7
2025-02-02T22:30:00Z,4
2025-02-03T00:41:00Z,9
2025-02-03T01:01:00Z,42
2025-02-03T01:02:00Z,38
2025-02-03T01:03:00Z,41
2025-02-03T01:04:00Z,20
2025-02-03T01:05:00Z,13
2025-02-03T01:06:00Z,33
2025-02-03T01:07:00Z,1
2025-02-03T01:11:00Z,19
2025-02-03T01:23:00Z,13
2025-02-03T02:27:00Z,21
2025-02-03T04:14:00Z,4
2025-02-03T05:40:00Z,16
2025-02-03T06:02:00Z,17
2025-02-03T06:31:00Z,12
2025-02-03T06:32:00Z,8
2025-02-03T07:46:00Z,6
2025-02-03T08:30:00Z,7
2025-02-03T08:31:00Z,1
2025-02-03T09:14:00Z,19
2025-02-03T09:15:00Z,6
2025-02-03T09:16:00Z,4
2025-02-03T14:35:00Z,7
2025-02-03T14:37:00Z,10
2025-02-03T14:39:00Z,7
2025-02-03T17:03:00Z,12
2025-02-03T17:04:00Z,8
2025-02-03T17:05:00Z,8
2025-02-03T17:06:00Z,9
2025-02-03T17:08:00Z,31
2025-02-03T20:33:00Z,6
2025-02-04T00:17:00Z,12
2025-02-04T00:19:00Z,30
2025-02-04T00:20:00Z,44
2025-02-04T00:21:00Z,5
2025-02-04T00:23:00Z,20
2025-02-04T00:25:00Z,8
2025-02-04T00:26:00Z,20
2025-02-04T00:33:00Z,25
2025-02-04T00:34:00Z,2
2025-02-04T00:38:00Z,14
2025-02-04T00:56:00Z,10
2025-02-04T00:59:00Z,8
2025-02-04T01:00:00Z,16
2025-02-04T01:18:00Z,34
2025-02-04T02:53:00Z,6
2025-02-04T06:05:00Z,8
2025-02-04T06:26:00Z,7
2025-02-04T06:27:00Z,15
2025-02-04T06:29:00Z,26
2025-02-04T06:30:00Z,12
2025-02-04T06:33:00Z,21
2025-02-04T09:24:00Z,11
2025-02-04T09:25:00Z,28
2025-02-04T12:24:00Z,15
2025-02-04T12:25:00Z,16
2025-02-04T12:26:00Z,35
2025-02-04T12:27:00Z,25
2025-02-04T12:28:00Z,13
2025-02-04T12:29:00Z,8
2025-02-04T12:30:00Z,13
2025-02-04T12:32:00Z,86
2025-02-04T12:33:00Z,60
2025-02-04T12:34:00Z,70
2025-02-04T12:35:00Z,82
2025-02-04T12:36:00Z,34
2025-02-04T12:37:00Z,33
2025-02-04T12:38:00Z,25
2025-02-04T12:43:00Z,22
2025-02-04T12:44:00Z,39
2025-02-04T12:46:00Z,13
2025-02-04T12:47:00Z,9
2025-02-04T12:50:00Z,9
2025-02-04T12:51:00Z,25
2025-02-04T13:00:00Z,19
2025-02-04T13:01:00Z,18
2025-02-04T13:02:00Z,1
2025-02-04T13:40:00Z,6
2025-02-04T13:44:00Z,4
2025-02-04T13:58:00Z,4
2025-02-04T14:00:00Z,13
2025-02-04T14:01:00Z,11
2025-02-04T15:03:00Z,16
2025-02-04T15:04:00Z,7
2025-02-04T15:05:00Z,4
2025-02-04T15:06:00Z,14
2025-02-04T22:30:00Z,4
2025-02-04T22:33:00Z,12
2025-02-04T22:34:00Z,27
2025-02-04T22:35:00Z,10
2025-02-04T22:36:00Z,20
2025-02-04T22:37:00Z,23
2025-02-04T22:41:00Z,11
2025-02-04T22:42:00Z,23
2025-02-04T22:43:00Z,31
2025-02-04T22:44:00Z,22
2025-02-04T22:45:00Z,32
2025-02-04T22:46:00Z,67
2025-02-04T22:47:00Z,19
2025-02-04T22:48:00Z,9
2025-02-04T22:49:00Z,10
2025-02-04T22:50:00Z,33
2025-02-04T22:51:00Z,7
2025-02-04T22:53:00Z,29
2025-02-04T22:54:00Z,27
2025-02-04T22:55:00Z,33
2025-02-04T22:57:00Z,61
2025-02-04T22:58:00Z,112
2025-02-04T22:59:00Z,116
2025-02-04T23:00:00Z,118
2025-02-04T23:01:00Z,115
2025-02-04T23:02:00Z,115
2025-02-04T23:03:00Z,111
2025-02-04T23:04:00Z,113
2025-02-04T23:05:00Z,116
2025-02-04T23:06:00Z,112
2025-02-04T23:07:00Z,114
2025-02-04T23:08:00Z,112
2025-02-04T23:09:00Z,108
2025-02-04T23:10:00Z,113
2025-02-04T23:11:00Z,100
2025-02-04T23:12:00Z,8
2025-02-04T23:32:00Z,4
2025-02-04T23:33:00Z,110
2025-02-04T23:34:00Z,59
2025-02-04T23:37:00Z,82
2025-02-04T23:45:00Z,12
2025-02-04T23:46:00Z,109
2025-02-04T23:47:00Z,102
2025-02-04T23:48:00Z,110
2025-02-04T23:49:00Z,27
2025-02-04T23:51:00Z,13
2025-02-05T00:11:00Z,52
2025-02-05T00:12:00Z,108
2025-02-05T00:13:00Z,103
2025-02-05T00:14:00Z,80
2025-02-05T00:15:00Z,25
2025-02-05T00:16:00Z,106
2025-02-05T00:17:00Z,110
2025-02-05T00:18:00Z,76
2025-02-05T00:19:00Z,105
2025-02-05T00:20:00Z,108
2025-02-05T00:21:00Z,103
2025-02-05T00:22:00Z,35
2025-02-05T00:23:00Z,92
2025-02-05T00:24:00Z,83
2025-02-05T00:25:00Z,85
2025-02-05T00:26:00Z,14
2025-02-05T00:34:00Z,20
2025-02-05T00:35:00Z,77
2025-02-05T00:36:00Z,61
2025-02-05T00:37:00Z,36
2025-02-05T00:38:00Z,24
2025-02-05T00:39:00Z,85
2025-02-05T00:40:00Z,9
2025-02-05T00:58:00Z,6
2025-02-05T00:59:00Z,55
2025-02-05T01:00:00Z,8
2025-02-05T01:30:00Z,35
2025-02-05T02:25:00Z,35
2025-02-05T02:26:00Z,16
2025-02-05T02:27:00Z,36
2025-02-05T02:28:00Z,61
2025-02-05T02:29:00Z,10
2025-02-05T03:23:00Z,27
2025-02-05T03:24:00Z,94
2025-02-05T03:25:00Z,58
2025-02-05T03:59:00Z,31
2025-02-05T04:34:00Z,29
2025-02-05T04:43:00Z,24
2025-02-05T04:44:00Z,65
2025-02-05T04:45:00Z,71
2025-02-05T05:07:00Z,14
2025-02-05T05:24:00Z,49
2025-02-05T05:25:00Z,67
2025-02-05T05:26:00Z,14
2025-02-05T05:29:00Z,19
2025-02-05T05:30:00Z,35
2025-02-05T05:31:00Z,92
2025-02-05T05:32:00Z,46
2025-02-05T08:32:00Z,37
2025-02-05T08:33:00Z,43
2025-02-05T08:34:00Z,46
2025-02-05T08:48:00Z,5
2025-02-05T09:53:00Z,20
2025-02-05T09:56:00Z,11
2025-02-05T10:23:00Z,58
2025-02-05T10:24:00Z,2
2025-02-05T10:25:00Z,28
2025-02-05T10:26:00Z,29
2025-02-05T10:27:00Z,19
2025-02-05T10:39:00Z,7
2025-02-05T10:40:00Z,86
2025-02-05T10:41:00Z,82
2025-02-05T10:42:00Z,64
2025-02-05T10:43:00Z,89
2025-02-05T10:44:00Z,81
2025-02-05T10:45:00Z,63
2025-02-05T10:47:00Z,69
2025-02-05T10:48:00Z,104
2025-02-05T10:49:00Z,100
2025-02-05T10:50:00Z,108
2025-02-05T10:51:00Z,103
2025-02-05T10:52:00Z,104
2025-02-05T10:53:00Z,100
2025-02-05T10:54:00Z,103
2025-02-05T10:55:00Z,72
2025-02-05T11:15:00Z,85
2025-02-05T11:16:00Z,105
2025-02-05T11:17:00Z,108
2025-02-05T11:18:00Z,22
2025-02-05T11:27:00Z,30
2025-02-05T11:28:00Z,83
2025-02-05T11:29:00Z,29
2025-02-05T11:48:00Z,74
2025-02-05T11:49:00Z,105
2025-02-05T11:50:00Z,107
2025-02-05T11:51:00Z,45
2025-02-05T11:52:00Z,106
2025-02-05T11:53:00Z,108
2025-02-05T11:54:00Z,106
2025-02-05T11:55:00Z,107
2025-02-05T11:56:00Z,107
2025-02-05T11:57:00Z,106
2025-02-05T11:58:00Z,107
2025-02-05T11:59:00Z,107
2025-02-05T12:00:00Z,108
2025-02-05T12:01:00Z,110
2025-02-05T12:02:00Z,108
2025-02-05T12:03:00Z,101
2025-02-05T12:04:00Z,91
2025-02-05T12:05:00Z,48
2025-02-05T12:06:00Z,19
2025-02-05T12:07:00Z,10
2025-02-05T12:09:00Z,44
2025-02-05T12:10:00Z,8
2025-02-05T12:11:00Z,40
2025-02-05T12:12:00Z,9
2025-02-05T12:13:00Z,13
2025-02-05T12:15:00Z,10
2025-02-05T12:23:00Z,21
2025-02-05T12:24:00Z,13
2025-02-05T12:26:00Z,9
2025-02-05T12:27:00Z,6
2025-02-05T12:28:00Z,16
2025-02-05T12:29:00Z,8
2025-02-05T12:30:00Z,14
2025-02-05T12:31:00Z,13
2025-02-05T12:32:00Z,11
2025-02-05T12:33:00Z,25
2025-02-05T12:34:00Z,44
2025-02-05T12:35:00Z,54
2025-02-05T12:36:00Z,38
2025-02-05T12:37:00Z,37
2025-02-05T12:38:00Z,26
2025-02-05T12:39:00Z,19
2025-02-05T12:41:00Z,27
2025-02-05T12:42:00Z,66
2025-02-05T12:43:00Z,26
2025-02-05T12:44:00Z,10
2025-02-05T13:00:00Z,30
2025-02-05T13:01:00Z,7
2025-02-05T13:02:00Z,13
2025-02-05T13:03:00Z,4
2025-02-05T13:04:00Z,10
2025-02-05T13:05:00Z,10
2025-02-05T13:10:00Z,4
2025-02-05T13:27:00Z,7
2025-02-05T14:11:00Z,7
2025-02-05T16:39:00Z,25
2025-02-05T21:43:00Z,22
2025-02-05T21:44:00Z,14
2025-02-05T21:45:00Z,26
2025-02-05T21:46:00Z,23
2025-02-05T21:47:00Z,29
2025-02-05T21:49:00Z,4
2025-02-05T21:50:00Z,11
2025-02-05T21:51:00Z,10
2025-02-05T21:52:00Z,15
2025-02-05T21:54:00Z,13
2025-02-05T21:55:00Z,4
2025-02-05T21:57:00Z,17
2025-02-05T21:58:00Z,68
2025-02-05T22:00:00Z,47
2025-02-05T22:01:00Z,18
2025-02-05T22:02:00Z,54
2025-02-05T22:03:00Z,43
2025-02-05T22:04:00Z,28
2025-02-05T22:05:00Z,44
2025-02-05T22:06:00Z,81
2025-02-05T22:07:00Z,74
2025-02-05T22:08:00Z,8
2025-02-05T22:09:00Z,56
2025-02-05T22:10:00Z,18
2025-02-05T22:11:00Z,27
2025-02-05T22:12:00Z,44
2025-02-05T22:13:00Z,27
2025-02-05T22:14:00Z,20
2025-02-05T22:15:00Z,40
2025-02-05T22:16:00Z,45
2025-02-05T22:17:00Z,14
2025-02-05T22:18:00Z,46
2025-02-05T22:19:00Z,26
2025-02-05T22:20:00Z,16
2025-02-05T22:21:00Z,15
2025-02-05T22:24:00Z,17
2025-02-05T22:25:00Z,35
2025-02-05T22:26:00Z,54
2025-02-05T22:27:00Z,18
2025-02-05T22:28:00Z,13
2025-02-05T22:29:00Z,5
2025-02-05T22:30:00Z,28
2025-02-05T22:31:00Z,40
2025-02-05T22:32:00Z,8
2025-02-05T22:33:00Z,13
2025-02-05T22:34:00Z,14
2025-02-05T22:35:00Z,19
2025-02-05T22:36:00Z,43
2025-02-05T22:37:00Z,11
2025-02-05T22:39:00Z,6
2025-02-05T22:40:00Z,13
2025-02-05T22:43:00Z,12
2025-02-05T22:44:00Z,15
2025-02-05T22:45:00Z,26
2025-02-05T22:46:00Z,7
2025-02-05T22:47:00Z,8
2025-02-05T22:50:00Z,46
2025-02-05T22:51:00Z,59
2025-02-05T22:52:00Z,9
2025-02-05T22:53:00Z,26
2025-02-05T22:55:00Z,46
2025-02-05T22:56:00Z,56
2025-02-05T22:57:00Z,45
2025-02-05T22:58:00Z,28
2025-02-05T22:59:00Z,52
2025-02-05T23:00:00Z,109
2025-02-05T23:01:00Z,152
2025-02-05T23:02:00Z,131
2025-02-05T23:03:00Z,118
2025-02-05T23:04:00Z,115
2025-02-05T23:05:00Z,115
2025-02-05T23:06:00Z,116
2025-02-05T23:07:00Z,115
2025-02-05T23:08:00Z,116
2025-02-05T23:09:00Z,109
2025-02-05T23:10:00Z,54
2025-02-05T23:11:00Z,91
2025-02-05T23:12:00Z,111
2025-02-05T23:13:00Z,57
2025-02-05T23:32:00Z,17
2025-02-05T23:33:00Z,98
2025-02-05T23:34:00Z,93
2025-02-05T23:45:00Z,20
2025-02-05T23:46:00Z,108
2025-02-05T23:47:00Z,109
2025-02-05T23:48:00Z,98
2025-02-05T23:50:00Z,9
2025-02-06T00:11:00Z,63
2025-02-06T00:12:00Z,108
2025-02-06T00:13:00Z,104
2025-02-06T00:14:00Z,70
2025-02-06T00:15:00Z,19
2025-02-06T00:16:00Z,106
2025-02-06T00:17:00Z,107
2025-02-06T00:18:00Z,65
2025-02-06T00:19:00Z,101
2025-02-06T00:20:00Z,107
2025-02-06T00:21:00Z,102
2025-02-06T00:22:00Z,32
2025-02-06T00:23:00Z,89
2025-02-06T00:24:00Z,70
2025-02-06T00:25:00Z,91
2025-02-06T00:26:00Z,16
2025-02-06T00:28:00Z,66
2025-02-06T00:29:00Z,52
2025-02-06T00:30:00Z,22
2025-02-06T00:31:00Z,72
2025-02-06T00:32:00Z,49
2025-02-06T00:44:00Z,13
2025-02-06T01:43:00Z,75
2025-02-06T01:44:00Z,13
2025-02-06T01:48:00Z,45
2025-02-06T01:49:00Z,57
2025-02-06T01:50:00Z,43
2025-02-06T02:28:00Z,5
2025-02-06T02:41:00Z,11
2025-02-06T03:04:00Z,36
2025-02-06T03:05:00Z,81
2025-02-06T03:06:00Z,38
2025-02-06T03:10:00Z,5
2025-02-06T03:14:00Z,4
2025-02-06T03:40:00Z,56
2025-02-06T03:41:00Z,72
2025-02-06T03:42:00Z,94
2025-02-06T03:43:00Z,96
2025-02-06T05:41:00Z,11
2025-02-06T06:01:00Z,78
2025-02-06T06:02:00Z,12
2025-02-06T06:03:00Z,43
2025-02-06T06:04:00Z,65
2025-02-06T06:20:00Z,49
2025-02-06T08:13:00Z,31
2025-02-06T08:14:00Z,52
2025-02-06T08:15:00Z,77
2025-02-06T08:16:00Z,66
2025-02-06T08:17:00Z,75
2025-02-06T09:14:00Z,7
2025-02-06T09:15:00Z,71
2025-02-06T09:16:00Z,43
2025-02-06T09:17:00Z,70
2025-02-06T09:33:00Z,4
2025-02-06T09:34:00Z,64
2025-02-06T09:35:00Z,88
2025-02-06T09:36:00Z,48
2025-02-06T09:37:00Z,63
2025-02-06T09:38:00Z,52
2025-02-06T09:39:00Z,75
2025-02-06T09:40:00Z,48
2025-02-06T09:41:00Z,102
2025-02-06T09:42:00Z,103
2025-02-06T09:43:00Z,109
2025-02-06T09:44:00Z,112
2025-02-06T09:45:00Z,103
2025-02-06T09:46:00Z,105
2025-02-06T09:47:00Z,108
2025-02-06T09:48:00Z,97
2025-02-06T09:49:00Z,26
2025-02-06T10:09:00Z,56
2025-02-06T10:10:00Z,105
2025-02-06T10:11:00Z,104
2025-02-06T10:12:00Z,99
2025-02-06T10:13:00Z,9
2025-02-06T10:23:00Z,25
2025-02-06T10:24:00Z,114
2025-02-06T10:25:00Z,6
2025-02-06T10:30:00Z,4
2025-02-06T10:36:00Z,27
2025-02-06T10:41:00Z,7
2025-02-06T10:44:00Z,39
2025-02-06T10:45:00Z,111
2025-02-06T10:46:00Z,105
2025-02-06T10:47:00Z,109
2025-02-06T10:48:00Z,109
2025-02-06T10:49:00Z,111
2025-02-06T10:50:00Z,111
2025-02-06T10:51:00Z,110
2025-02-06T10:52:00Z,111
2025-02-06T10:53:00Z,108
2025-02-06T10:54:00Z,112
2025-02-06T10:55:00Z,110
2025-02-06T10:56:00Z,110
2025-02-06T10:57:00Z,111
2025-02-06T10:58:00Z,103
2025-02-06T10:59:00Z,94
2025-02-06T11:00:00Z,58
2025-02-06T11:01:00Z,39
2025-02-06T11:02:00Z,16
2025-02-06T11:03:00Z,12
2025-02-06T11:04:00Z,6
2025-02-06T11:05:00Z,15
2025-02-06T11:06:00Z,14
2025-02-06T11:07:00Z,11
2025-02-06T11:08:00Z,7
2025-02-06T11:11:00Z,47
2025-02-06T11:12:00Z,18
2025-02-06T11:13:00Z,16
2025-02-06T11:14:00Z,2
2025-02-06T11:15:00Z,12
2025-02-06T11:18:00Z,24
2025-02-06T12:00:00Z,8
2025-02-06T12:12:00Z,10
2025-02-06T13:02:00Z,13
2025-02-06T13:05:00Z,11
2025-02-06T13:07:00Z,18
2025-02-06T13:08:00Z,2
2025-02-06T13:10:00Z,7
2025-02-06T13:16:00Z,9
2025-02-06T13:18:00Z,31
2025-02-06T13:19:00Z,44
2025-02-06T13:20:00Z,13
2025-02-06T13:25:00Z,8
2025-02-06T13:36:00Z,9
2025-02-06T13:37:00Z,3
2025-02-06T15:16:00Z,4
2025-02-06T17:56:00Z,9
2025-02-06T18:47:00Z,11
2025-02-06T19:00:00Z,17
2025-02-06T19:01:00Z,4
2025-02-06T19:02:00Z,24
2025-02-06T19:03:00Z,38
2025-02-06T19:04:00Z,7
2025-02-06T19:05:00Z,25
2025-02-06T19:07:00Z,15
2025-02-06T19:11:00Z,15
2025-02-06T19:12:00Z,34
2025-02-06T19:13:00Z,39
2025-02-06T19:14:00Z,36
2025-02-06T19:15:00Z,18
2025-02-06T19:16:00Z,4
2025-02-06T19:18:00Z,12
2025-02-06T19:19:00Z,99
2025-02-06T19:20:00Z,34
2025-02-06T19:21:00Z,39
2025-02-06T19:22:00Z,10
2025-02-06T19:23:00Z,64
2025-02-06T19:24:00Z,64
2025-02-06T19:25:00Z,27
2025-02-06T19:31:00Z,7
2025-02-06T19:32:00Z,27
2025-02-06T21:16:00Z,7
2025-02-06T22:23:00Z,21
2025-02-06T22:24:00Z,7
2025-02-06T22:25:00Z,17
2025-02-06T22:26:00Z,31
2025-02-06T22:28:00Z,17
2025-02-06T22:29:00Z,10
2025-02-06T22:38:00Z,7
2025-02-06T22:40:00Z,12
2025-02-06T22:41:00Z,20
2025-02-06T22:42:00Z,41
2025-02-06T22:46:00Z,22
2025-02-06T22:48:00Z,9
2025-02-06T22:49:00Z,17
2025-02-06T22:50:00Z,19
2025-02-06T22:51:00Z,22
2025-02-06T22:52:00Z,8
2025-02-06T22:55:00Z,22
2025-02-06T22:56:00Z,42
2025-02-06T22:57:00Z,58
2025-02-06T22:58:00Z,50
2025-02-06T22:59:00Z,113
2025-02-06T23:00:00Z,115
2025-02-06T23:01:00Z,114
2025-02-06T23:02:00Z,116
2025-02-06T23:03:00Z,113
2025-02-06T23:04:00Z,115
2025-02-06T23:05:00Z,112
2025-02-06T23:06:00Z,115
2025-02-06T23:07:00Z,113
2025-02-06T23:08:00Z,114
2025-02-06T23:09:00Z,113
2025-02-06T23:10:00Z,55
2025-02-06T23:11:00Z,92
2025-02-06T23:12:00Z,111
2025-02-06T23:13:00Z,40
2025-02-06T23:33:00Z,61
2025-02-06T23:34:00Z,82
2025-02-06T23:54:00Z,15
2025-02-06T23:55:00Z,104
2025-02-06T23:56:00Z,105
2025-02-06T23:57:00Z,76
2025-02-07T00:00:00Z,9
2025-02-07T00:22:00Z,84
2025-02-07T00:23:00Z,106
2025-02-07T00:24:00Z,104
2025-02-07T00:25:00Z,62
2025-02-07T00:26:00Z,6
2025-02-07T00:27:00Z,80
2025-02-07T00:28:00Z,108
2025-02-07T00:29:00Z,93
2025-02-07T00:30:00Z,68
2025-02-07T00:31:00Z,77
2025-02-07T00:32:00Z,104
2025-02-07T00:33:00Z,51
2025-02-07T00:34:00Z,83
2025-02-07T00:35:00Z,86
2025-02-07T00:36:00Z,55
2025-02-07T00:37:00Z,75
2025-02-07T00:40:00Z,54
2025-02-07T00:41:00Z,52
2025-02-07T00:42:00Z,61
2025-02-07T00:43:00Z,66
2025-02-07T00:44:00Z,82
2025-02-07T00:45:00Z,5
2025-02-07T00:51:00Z,7
2025-02-07T01:53:00Z,54
2025-02-07T01:54:00Z,7
2025-02-07T01:55:00Z,29
2025-02-07T01:56:00Z,71
2025-02-07T03:01:00Z,57
2025-02-07T03:02:00Z,64
2025-02-07T03:03:00Z,41
2025-02-07T03:24:00Z,105
2025-02-07T03:25:00Z,71
2025-02-07T03:26:00Z,107
2025-02-07T03:27:00Z,31
2025-02-07T05:17:00Z,72
2025-02-07T05:18:00Z,13
2025-02-07T05:26:00Z,70
2025-02-07T05:27:00Z,75
2025-02-07T05:28:00Z,8
2025-02-07T06:27:00Z,6
2025-02-07T06:28:00Z,58
2025-02-07T06:29:00Z,58
2025-02-07T06:30:00Z,63
2025-02-07T06:31:00Z,51
2025-02-07T08:04:00Z,37
2025-02-07T08:05:00Z,64
2025-02-07T08:06:00Z,97
2025-02-07T08:07:00Z,2
2025-02-07T09:19:00Z,57
2025-02-07T09:20:00Z,21
2025-02-07T09:59:00Z,6
2025-02-07T10:00:00Z,65
2025-02-07T10:01:00Z,13
2025-02-07T10:02:00Z,53
2025-02-07T10:03:00Z,60
2025-02-07T10:04:00Z,8
2025-02-07T10:05:00Z,42
2025-02-07T10:06:00Z,90
2025-02-07T10:07:00Z,76
2025-02-07T10:08:00Z,94
2025-02-07T10:09:00Z,66
2025-02-07T10:10:00Z,64
2025-02-07T10:11:00Z,55
2025-02-07T10:12:00Z,18
2025-02-07T10:13:00Z,50
2025-02-07T10:14:00Z,108
2025-02-07T10:15:00Z,107
2025-02-07T10:16:00Z,116
2025-02-07T10:17:00Z,108
2025-02-07T10:18:00Z,105
2025-02-07T10:19:00Z,107
2025-02-07T10:20:00Z,101
2025-02-07T10:21:00Z,43
2025-02-07T10:41:00Z,27
2025-02-07T10:42:00Z,105
2025-02-07T10:43:00Z,107
2025-02-07T10:44:00Z,113
2025-02-07T10:46:00Z,76
2025-02-07T10:57:00Z,47
2025-02-07T10:58:00Z,89
2025-02-07T11:19:00Z,21
2025-02-07T11:20:00Z,117
2025-02-07T11:21:00Z,107
2025-02-07T11:22:00Z,106
2025-02-07T11:23:00Z,107
2025-02-07T11:24:00Z,112
2025-02-07T11:25:00Z,109
2025-02-07T11:26:00Z,111
2025-02-07T11:27:00Z,112
2025-02-07T11:28:00Z,110
2025-02-07T11:29:00Z,114
2025-02-07T11:30:00Z,112
2025-02-07T11:31:00Z,112
2025-02-07T11:32:00Z,113
2025-02-07T11:33:00Z,107
2025-02-07T11:34:00Z,93
2025-02-07T11:35:00Z,19
2025-02-07T11:36:00Z,34
2025-02-07T11:37:00Z,17
2025-02-07T11:38:00Z,8
2025-02-07T11:39:00Z,6
2025-02-07T11:40:00Z,20
2025-02-07T11:41:00Z,9
2025-02-07T11:49:00Z,10
2025-02-07T11:51:00Z,4
2025-02-07T12:35:00Z,13
2025-02-07T12:42:00Z,13
2025-02-07T12:43:00Z,9
2025-02-07T12:48:00Z,10
2025-02-07T12:59:00Z,7
2025-02-07T13:00:00Z,21
2025-02-07T14:42:00Z,12
2025-02-07T14:45:00Z,23
2025-02-07T14:47:00Z,10
2025-02-07T14:48:00Z,10
2025-02-07T14:49:00Z,21
2025-02-07T14:50:00Z,9
2025-02-07T14:51:00Z,12
2025-02-07T14:53:00Z,42
2025-02-07T14:54:00Z,10
2025-02-07T14:59:00Z,8
2025-02-07T15:01:00Z,30
2025-02-07T15:04:00Z,11
2025-02-07T15:05:00Z,9
2025-02-07T15:07:00Z,39
2025-02-07T15:08:00Z,22
2025-02-07T15:09:00Z,9
2025-02-07T15:12:00Z,15
2025-02-07T15:26:00Z,9
2025-02-07T18:51:00Z,8
2025-02-07T21:59:00Z,6
2025-02-07T22:00:00Z,6
2025-02-07T22:01:00Z,6
2025-02-07T22:03:00Z,15
2025-02-07T22:04:00Z,17
2025-02-08T00:26:00Z,8
2025-02-08T00:35:00Z,20
2025-02-08T00:36:00Z,35
2025-02-08T00:37:00Z,7
2025-02-08T00:43:00Z,10
2025-02-08T00:44:00Z,20
2025-02-08T00:45:00Z,5
2025-02-08T00:47:00Z,4
2025-02-08T01:09:00Z,17
2025-02-08T01:12:00Z,13
2025-02-08T01:13:00Z,3
2025-02-08T01:35:00Z,9
2025-02-08T03:05:00Z,7
2025-02-08T03:06:00Z,23
2025-02-08T03:08:00Z,40
2025-02-08T03:09:00Z,15
2025-02-08T03:10:00Z,11
2025-02-08T03:11:00Z,20
2025-02-08T03:12:00Z,33
2025-02-08T03:15:00Z,13
2025-02-08T03:16:00Z,17
2025-02-08T03:17:00Z,21
2025-02-08T03:19:00Z,36
2025-02-08T03:20:00Z,37
2025-02-08T03:21:00Z,38
2025-02-08T03:22:00Z,27
2025-02-08T03:23:00Z,38
2025-02-08T03:24:00Z,5
2025-02-08T03:25:00Z,38
2025-02-08T03:26:00Z,61
2025-02-08T03:27:00Z,10
2025-02-08T03:30:00Z,38
2025-02-08T03:32:00Z,6
2025-02-08T03:33:00Z,29
2025-02-08T03:45:00Z,7
2025-02-08T03:46:00Z,6
2025-02-08T03:47:00Z,11
2025-02-08T03:50:00Z,7
2025-02-08T04:37:00Z,25
2025-02-08T04:38:00Z,23
2025-02-08T04:39:00Z,20
2025-02-08T04:40:00Z,42
2025-02-08T04:41:00Z,6
2025-02-08T04:42:00Z,19
2025-02-08T04:45:00Z,13
2025-02-08T04:46:00Z,4
2025-02-08T04:47:00Z,42
2025-02-08T04:48:00Z,28
2025-02-08T04:49:00Z,6
2025-02-08T04:50:00Z,29
2025-02-08T04:51:00Z,25
2025-02-08T04:52:00Z,8
2025-02-08T04:53:00Z,10
2025-02-08T04:54:00Z,14
2025-02-08T04:55:00Z,20
2025-02-08T04:57:00Z,6
2025-02-08T04:58:00Z,21
2025-02-08T05:00:00Z,36
2025-02-08T05:01:00Z,13
2025-02-08T05:05:00Z,53
2025-02-08T05:09:00Z,8
2025-02-08T05:14:00Z,4
2025-02-08T05:21:00Z,18
2025-02-08T05:24:00Z,10
2025-02-08T05:28:00Z,4
2025-02-08T05:31:00Z,8
2025-02-08T08:30:00Z,4
2025-02-08T09:11:00Z,15
2025-02-08T09:12:00Z,16
2025-02-08T09:13:00Z,10
2025-02-08T10:39:00Z,13
2025-02-08T10:51:00Z,10
2025-02-08T11:42:00Z,10
2025-02-08T11:43:00Z,22
2025-02-08T14:22:00Z,8
2025-02-08T14:24:00Z,25
2025-02-08T16:34:00Z,10
2025-02-08T16:38:00Z,17
2025-02-08T16:40:00Z,32
2025-02-08T16:41:00Z,32
2025-02-08T16:42:00Z,19
2025-02-08T16:43:00Z,17
2025-02-08T17:07:00Z,13
2025-02-08T18:02:00Z,12
2025-02-08T18:03:00Z,2
2025-02-09T01:31:00Z,20
2025-02-09T01:33:00Z,25
2025-02-09T01:34:00Z,34
2025-02-09T03:15:00Z,7
2025-02-09T03:16:00Z,7
2025-02-09T03:44:00Z,6
2025-02-09T03:52:00Z,24
2025-02-09T06:14:36Z,1
2025-02-09T06:15:36Z,11
2025-02-09T06:16:36Z,6
2025-02-09T06:17:36Z,6
2025-02-09T06:25:00Z,11
2025-02-09T06:26:00Z,42
2025-02-09T06:28:00Z,11
2025-02-09T06:29:00Z,72
2025-02-09T06:30:00Z,44
2025-02-09T06:31:00Z,2
2025-02-09T06:32:00Z,25
2025-02-09T06:33:00Z,32
2025-02-09T06:35:00Z,64
2025-02-09T06:36:00Z,68
2025-02-09T06:37:00Z,34
2025-02-09T06:38:00Z,4
2025-02-09T06:39:00Z,31
2025-02-09T06:40:00Z,19
2025-02-09T06:42:00Z,20
2025-02-09T06:43:00Z,43
2025-02-09T06:44:00Z,16
2025-02-09T06:45:00Z,99
2025-02-09T06:46:00Z,70
2025-02-09T06:47:00Z,39
2025-02-09T06:48:00Z,21
2025-02-09T06:50:00Z,74
2025-02-09T06:51:00Z,1
2025-02-09T06:52:00Z,21
2025-02-09T06:53:00Z,11
2025-02-09T06:54:00Z,14
2025-02-09T06:55:00Z,49
2025-02-09T06:56:00Z,17
2025-02-09T06:57:00Z,61
2025-02-09T07:02:00Z,12
2025-02-09T07:03:00Z,2
2025-02-09T07:04:00Z,6
2025-02-09T07:05:00Z,17
2025-02-09T07:07:00Z,12
2025-02-09T07:11:00Z,12
2025-02-09T07:12:00Z,28
2025-02-09T07:13:00Z,8
2025-02-09T07:15:00Z,15
2025-02-09T07:16:00Z,34
2025-02-09T07:18:00Z,70
2025-02-09T07:19:00Z,65
2025-02-09T07:20:00Z,37
2025-02-09T07:21:00Z,19
2025-02-09T07:25:00Z,27
2025-02-09T07:26:00Z,64
2025-02-09T07:27:00Z,53
2025-02-09T07:28:00Z,63
2025-02-09T07:29:00Z,15
2025-02-09T07:32:00Z,7
2025-02-09T07:55:00Z,4
2025-02-09T09:44:00Z,13
2025-02-09T09:46:00Z,15
2025-02-09T09:47:00Z,10
2025-02-09T09:48:00Z,23
2025-02-09T09:49:00Z,10
2025-02-09T09:50:00Z,12
2025-02-09T09:51:00Z,25
2025-02-09T09:52:00Z,22
2025-02-09T09:53:00Z,16
2025-02-09T09:54:00Z,9
2025-02-09T09:55:00Z,57
2025-02-09T09:57:00Z,31
2025-02-09T09:58:00Z,26
2025-02-09T09:59:00Z,17
2025-02-09T10:01:00Z,16
2025-02-09T10:02:00Z,28
2025-02-09T10:03:00Z,31
2025-02-09T10:05:00Z,26
2025-02-09T10:08:00Z,22
2025-02-09T10:09:00Z,36
2025-02-09T10:10:00Z,23
2025-02-09T10:11:00Z,47
2025-02-09T10:12:00Z,41
2025-02-09T10:14:00Z,14
2025-02-09T10:17:00Z,11
2025-02-09T10:18:00Z,22
2025-02-09T10:44:00Z,8
2025-02-09T10:45:00Z,8
2025-02-09T10:46:00Z,14
2025-02-09T10:48:00Z,9
